{
    "modes": {
        "1": {
            "octave_name": "octave1",
            "octave_channel": 1
        }
    },
    "lo_modes": {
        "1": {
            "mode_id": 1,
            "lo_freq": 2830000000,
            "gain": 10.0,
            "latest": 5
        }
    },
    "lo_cal": {
        "1": {
            "i0": -0.012974271333890678,
            "q0": -0.027969812063856934,
            "lo_mode_id": 1,
            "dc_gain": -0.0347881255883874,
            "dc_phase": -0.11231714622724857,
            "temperature": 51.3125,
            "timestamp": 1717773049.0303726,
            "method": "auto"
        },
        "2": {
            "i0": -0.012970331708572496,
            "q0": -0.02798227140663444,
            "lo_mode_id": 1,
            "dc_gain": -0.03474860199323493,
            "dc_phase": -0.11235432906613307,
            "temperature": 51.3125,
            "timestamp": 1717773618.8229985,
            "method": "auto"
        },
        "3": {
            "i0": -0.012978419257883895,
            "q0": -0.027972014807049594,
            "lo_mode_id": 1,
            "dc_gain": -0.03466953690778152,
            "dc_phase": -0.11227324541092253,
            "temperature": 51.3125,
            "timestamp": 1717774068.077932,
            "method": "auto"
        },
        "4": {
            "i0": -0.01296625282710954,
            "q0": -0.027978978141658745,
            "lo_mode_id": 1,
            "dc_gain": -0.034697371256025344,
            "dc_phase": -0.11234797328148743,
            "temperature": 51.3125,
            "timestamp": 1717774102.1488907,
            "method": "auto"
        },
        "5": {
            "i0": -0.012963643059882178,
            "q0": -0.027963390823837805,
            "lo_mode_id": 1,
            "dc_gain": -0.03472818639402542,
            "dc_phase": -0.11231635807811624,
            "temperature": 51.3125,
            "timestamp": 1717774142.3003223,
            "method": "auto"
        }
    },
    "if_modes": {
        "1": {
            "lo_mode_id": 1,
            "if_freq": 40000000,
            "latest": 5
        }
    },
    "if_cal": {
        "1": {
            "if_mode_id": 1,
            "gain": -0.03650591406982786,
            "phase": -0.12036505076567337,
            "temperature": 51.3125,
            "timestamp": 1717773049.0415154,
            "method": "auto"
        },
        "2": {
            "if_mode_id": 1,
            "gain": -0.03639963527458295,
            "phase": -0.12036783184521957,
            "temperature": 51.3125,
            "timestamp": 1717773618.8354998,
            "method": "auto"
        },
        "3": {
            "if_mode_id": 1,
            "gain": -0.036464878101802906,
            "phase": -0.12044951289984143,
            "temperature": 51.3125,
            "timestamp": 1717774068.1035109,
            "method": "auto"
        },
        "4": {
            "if_mode_id": 1,
            "gain": -0.03653832436557886,
            "phase": -0.12037987548344779,
            "temperature": 51.3125,
            "timestamp": 1717774102.1658297,
            "method": "auto"
        },
        "5": {
            "if_mode_id": 1,
            "gain": -0.03644791264257638,
            "phase": -0.12048587321763696,
            "temperature": 51.3125,
            "timestamp": 1717774142.3264568,
            "method": "auto"
        }
    }
}